target	kind	source	records
legacy/vision/README.md	whole	/home/li/primary/vision-raw/README.md	
legacy/vision/actorLibrary.md	whole	/home/li/primary/vision-raw/actorLibrary.md	
legacy/vision/agent-intercom.md	whole	/home/li/primary/vision-raw/agent-intercom.md	
d63804f2/vision/archive-colonConfusion.md	whole	/home/li/primary/vision-raw/archive-colonConfusion.md	
legacy/vision/archive-datomSyntax.md	cut	/home/li/primary/flows/aa887c/scripts/splits/vision-raw/legacy/archive-datomSyntax.md	l.1-3
012fbf07/vision/archive-datomSyntax.md	cut	/home/li/primary/flows/aa887c/scripts/splits/vision-raw/012fbf07/archive-datomSyntax.md	l.4-15, l.16-29
5abf3be8/vision/archive-encodedFormIsTheCode.md	cut	/home/li/primary/flows/aa887c/scripts/splits/vision-raw/5abf3be8/archive-encodedFormIsTheCode.md	l.1-23
06196cc7/vision/archive-encodedFormIsTheCode.md	cut	/home/li/primary/flows/aa887c/scripts/splits/vision-raw/06196cc7/archive-encodedFormIsTheCode.md	l.24-41
legacy/vision/archive-ethosDotosDivisionAndHelp.md	whole	/home/li/primary/vision-raw/archive-ethosDotosDivisionAndHelp.md	
legacy/vision/archive-ethosNonRepetitionLaw.md	whole	/home/li/primary/vision-raw/archive-ethosNonRepetitionLaw.md	
legacy/vision/archive-highLevelView.md	whole	/home/li/primary/vision-raw/archive-highLevelView.md	
ba906ae2/vision/archive-rustComponentArchitecture.md	whole	/home/li/primary/vision-raw/archive-rustComponentArchitecture.md	
legacy/vision/archive-threeStacks.md	cut	/home/li/primary/flows/aa887c/scripts/splits/vision-raw/legacy/archive-threeStacks.md	l.1-3
c6b71b4c/vision/archive-threeStacks.md	cut	/home/li/primary/flows/aa887c/scripts/splits/vision-raw/c6b71b4c/archive-threeStacks.md	l.4-50
012fbf07/vision/archive-threeStacks.md	cut	/home/li/primary/flows/aa887c/scripts/splits/vision-raw/012fbf07/archive-threeStacks.md	l.51-69
legacy/vision/archive-traitsAsCapabilities.md	cut	/home/li/primary/flows/aa887c/scripts/splits/vision-raw/legacy/archive-traitsAsCapabilities.md	l.1-2, l.49-73
6863ef19/vision/archive-traitsAsCapabilities.md	cut	/home/li/primary/flows/aa887c/scripts/splits/vision-raw/6863ef19/archive-traitsAsCapabilities.md	l.3-20, l.21-48
legacy/vision/assembly.md	whole	/home/li/primary/vision-raw/assembly.md	
legacy/vision/attunement.md	whole	/home/li/primary/vision-raw/attunement.md	
legacy/vision/awarenessIsGeneralUnderstanding.md	whole	/home/li/primary/vision-raw/awarenessIsGeneralUnderstanding.md	
legacy/vision/behavior.md	whole	/home/li/primary/vision-raw/behavior.md	
legacy/vision/codeAnalysisTools.md	whole	/home/li/primary/vision-raw/codeAnalysisTools.md	
legacy/vision/codeIsLanguage.md	whole	/home/li/primary/vision-raw/codeIsLanguage.md	
5abf3be8/vision/colonFormTransformerSyntax.md	whole	/home/li/primary/vision-raw/colonFormTransformerSyntax.md	
legacy/vision/context.md	whole	/home/li/primary/vision-raw/context.md	
legacy/vision/dictation-vocabulary.md	whole	/home/li/primary/vision-raw/dictation-vocabulary.md	
legacy/vision/domainKnowledgePlacement.md	whole	/home/li/primary/vision-raw/domainKnowledgePlacement.md	
98fbfa47/vision/draftIdeasForImprovement.md	whole	/home/li/primary/vision-raw/draftIdeasForImprovement.md	
legacy/vision/entryFiles.md	whole	/home/li/primary/vision-raw/entryFiles.md	
98fbfa47/vision/everyConceptShouldHaveItsRepo.md	whole	/home/li/primary/vision-raw/everyConceptShouldHaveItsRepo.md	
legacy/vision/everythingIsInTheDaemon.md	whole	/home/li/primary/vision-raw/everythingIsInTheDaemon.md	
legacy/vision/falseConfidence.md	whole	/home/li/primary/vision-raw/falseConfidence.md	
legacy/vision/flowArtifacts.md	whole	/home/li/primary/vision-raw/flowArtifacts.md	
legacy/vision/flowDaemon.md	whole	/home/li/primary/vision-raw/flowDaemon.md	
legacy/vision/flowKnowledge.md	whole	/home/li/primary/vision-raw/flowKnowledge.md	
legacy/vision/flowNaming.md	whole	/home/li/primary/vision-raw/flowNaming.md	
c6b71b4c/vision/flowsNotAgents.md	cut	/home/li/primary/flows/aa887c/scripts/splits/vision-raw/c6b71b4c/flowsNotAgents.md	l.3-68
019ffbd3/vision/flowsNotAgents.md	cut	/home/li/primary/flows/aa887c/scripts/splits/vision-raw/019ffbd3/flowsNotAgents.md	l.69-81
legacy/vision/genericParametersAreTraits.md	whole	/home/li/primary/vision-raw/genericParametersAreTraits.md	
c6b71b4c/vision/gradientsOfAuthority.md	cut	/home/li/primary/flows/aa887c/scripts/splits/vision-raw/c6b71b4c/gradientsOfAuthority.md	l.3-46, l.47-85
legacy/vision/gradientsOfAuthority.md	cut	/home/li/primary/flows/aa887c/scripts/splits/vision-raw/legacy/gradientsOfAuthority.md	l.86-100, l.141-162, l.163-171, l.172-186, l.187-197, l.198-208
019ff178/vision/gradientsOfAuthority.md	cut	/home/li/primary/flows/aa887c/scripts/splits/vision-raw/019ff178/gradientsOfAuthority.md	l.101-113, l.114-125, l.126-140
legacy/vision/healingAspect.md	whole	/home/li/primary/vision-raw/healingAspect.md	
legacy/vision/hexis.md	whole	/home/li/primary/vision-raw/hexis.md	
legacy/vision/highLevelView.md	whole	/home/li/primary/vision-raw/highLevelView.md	
legacy/vision/host-environment-recovery.md	whole	/home/li/primary/vision-raw/host-environment-recovery.md	
legacy/vision/importResolution.md	whole	/home/li/primary/vision-raw/importResolution.md	
legacy/vision/investigation.md	whole	/home/li/primary/vision-raw/investigation.md	
55d18f4f/vision/itsATranslator.md	whole	/home/li/primary/vision-raw/itsATranslator.md	
5abf3be8/vision/letsUseTheSameVocabulary.md	whole	/home/li/primary/vision-raw/letsUseTheSameVocabulary.md	
legacy/vision/lojixOwnership.md	whole	/home/li/primary/vision-raw/lojixOwnership.md	
legacy/vision/machineAnatomy.md	whole	/home/li/primary/vision-raw/machineAnatomy.md	
legacy/vision/mainForEverything.md	whole	/home/li/primary/vision-raw/mainForEverything.md	
legacy/vision/mainFunction.md	whole	/home/li/primary/vision-raw/mainFunction.md	
legacy/vision/majorRecoveryEffort.md	whole	/home/li/primary/vision-raw/majorRecoveryEffort.md	
legacy/vision/managementDelegation.md	whole	/home/li/primary/vision-raw/managementDelegation.md	
legacy/vision/manualPostResetSkillRestoration.md	whole	/home/li/primary/vision-raw/manualPostResetSkillRestoration.md	
legacy/vision/mentci-egui.md	whole	/home/li/primary/vision-raw/mentci-egui.md	
6863ef19/vision/mentci.md	whole	/home/li/primary/vision-raw/mentci.md	
legacy/vision/minimalFlake.md	whole	/home/li/primary/vision-raw/minimalFlake.md	
legacy/vision/modifier.md	whole	/home/li/primary/vision-raw/modifier.md	
legacy/vision/newtypeWrappingAndSingleFieldStructs.md	whole	/home/li/primary/vision-raw/newtypeWrappingAndSingleFieldStructs.md	
legacy/vision/noctalia.md	whole	/home/li/primary/vision-raw/noctalia.md	
legacy/vision/nonIdealAgents.md	whole	/home/li/primary/vision-raw/nonIdealAgents.md	
d63804f2/vision/observerFixtureBlessed.md	whole	/home/li/primary/vision-raw/observerFixtureBlessed.md	
legacy/vision/parserIsTheParser.md	whole	/home/li/primary/vision-raw/parserIsTheParser.md	
legacy/vision/persona.md	whole	/home/li/primary/vision-raw/persona.md	
legacy/vision/protosIsTheSharedStyle.md	whole	/home/li/primary/vision-raw/protosIsTheSharedStyle.md	
legacy/vision/psycheIsntPerAspect.md	whole	/home/li/primary/vision-raw/psycheIsntPerAspect.md	
legacy/vision/psycheLogStructure.md	cut	/home/li/primary/flows/aa887c/scripts/splits/vision-raw/legacy/psycheLogStructure.md	l.2-11, l.54-70
06196cc7/vision/psycheLogStructure.md	cut	/home/li/primary/flows/aa887c/scripts/splits/vision-raw/06196cc7/psycheLogStructure.md	l.12-53
legacy/vision/realizer.md	whole	/home/li/primary/vision-raw/realizer.md	
legacy/vision/roleDescriptions.md	whole	/home/li/primary/vision-raw/roleDescriptions.md	
legacy/vision/rustComponentArchitecture.md	whole	/home/li/primary/vision-raw/rustComponentArchitecture.md	
legacy/vision/session-log.md	whole	/home/li/primary/vision-raw/session-log.md	
legacy/vision/setupIndependentInterfaces.md	whole	/home/li/primary/vision-raw/setupIndependentInterfaces.md	
ba906ae2/vision/signalIsOurMessagingLayer.md	whole	/home/li/primary/vision-raw/signalIsOurMessagingLayer.md	
legacy/vision/skillDesigning.md	whole	/home/li/primary/vision-raw/skillDesigning.md	
legacy/vision/skillTypes.md	whole	/home/li/primary/vision-raw/skillTypes.md	
legacy/vision/skillVoice.md	whole	/home/li/primary/vision-raw/skillVoice.md	
legacy/vision/skillsRepoSourceOnly.md	whole	/home/li/primary/vision-raw/skillsRepoSourceOnly.md	
legacy/vision/skillsRepository.md	whole	/home/li/primary/vision-raw/skillsRepository.md	
legacy/vision/sourceNotCrate.md	whole	/home/li/primary/vision-raw/sourceNotCrate.md	
fb1008c0/vision/spirit.md	cut	/home/li/primary/flows/aa887c/scripts/splits/vision-raw/fb1008c0/spirit.md	l.3-14
legacy/vision/spirit.md	cut	/home/li/primary/flows/aa887c/scripts/splits/vision-raw/legacy/spirit.md	l.15-29, l.30-42
legacy/vision/spiritComponentAndFile.md	whole	/home/li/primary/vision-raw/spiritComponentAndFile.md	
legacy/vision/streamAsFourthKindMvpFirst.md	whole	/home/li/primary/vision-raw/streamAsFourthKindMvpFirst.md	
d63804f2/vision/streamSection.md	whole	/home/li/primary/vision-raw/streamSection.md	
legacy/vision/structuredStringType.md	whole	/home/li/primary/vision-raw/structuredStringType.md	
legacy/vision/surgicalDataEditor.md	whole	/home/li/primary/vision-raw/surgicalDataEditor.md	
72939228/vision/surveyingAllFlows.md	whole	/home/li/primary/vision-raw/surveyingAllFlows.md	
legacy/vision/testTravesties.md	whole	/home/li/primary/vision-raw/testTravesties.md	
legacy/vision/theBestShape.md	whole	/home/li/primary/vision-raw/theBestShape.md	
6863ef19/vision/trainingRepo.md	whole	/home/li/primary/vision-raw/trainingRepo.md	
legacy/vision/traitsAsCapabilities.md	whole	/home/li/primary/vision-raw/traitsAsCapabilities.md	
legacy/vision/verifiedInformation.md	whole	/home/li/primary/vision-raw/verifiedInformation.md	
legacy/vision/visuals.md	whole	/home/li/primary/vision-raw/visuals.md	
legacy/vision/why-is-rust-analyzer-running.md	whole	/home/li/primary/vision-raw/why-is-rust-analyzer-running.md	
legacy/vision/workspace-2.0.md	whole	/home/li/primary/vision-raw/workspace-2.0.md	
legacy/vision/worldModelBeforeCode.md	whole	/home/li/primary/vision-raw/worldModelBeforeCode.md	
